sampleId,frameCount,validFrameCount,deflectionMeanMm,deflectionP50Mm,deflectionP05Mm,deflectionP95Mm,deflectionStdMm,deflectionRangeMm,deflectionSlopeMmPerSec,driftMmPerMin,validRate,confidenceMean,qualityMean,weightG,standardDeflectionMm,phoneMinusStandardMm
sample_040_0g,1,1,0.0,0.0,0.0,0.0,0.0,0.0,0.0,0.0,1.0,0.6,1.0,0.0,0.0,0.0
sample_039_50g,28,28,1.4450869492238243,1.4390686205964975,1.4019098855317442,1.4846599001672351,0.028910409357461867,0.0941897264669489,0.004368124483734958,0.26208746902409746,1.0,0.6,0.9625852161353189,50.0,0.9,0.5450869492238243
sample_038_100g,28,28,1.6780009992951803,1.6807636249938183,1.641785373211993,1.7058193288542585,0.020591870305620076,0.07859876633453289,-0.003024726959937567,-0.18148361759625403,1.0,0.6,0.9620281585625239,100.0,1.7,-0.021999000704819638
sample_037_200g,28,28,2.1378269595787747,2.137794846120136,2.0820958038277557,2.172721178057022,0.026993528221855297,0.11676818468406225,0.0021337937847664265,0.12802762708598558,1.0,0.6,0.9620957139480326,200.0,3.41,-1.2721730404212255
sample_053_300g,80,80,2.1157944706583303,2.1033373031270193,2.0716508318618856,2.2451699470960085,0.054076137579353305,0.2580744737068863,0.0018995462505730209,0.11397277503438125,1.0,0.5999999999999999,0.9701411229674705,300.0,1.25,0.8657944706583303
sample_036_300g,28,28,2.3714943515380495,2.3697239900990823,2.3420900876608255,2.4121030931613214,0.02010778822171413,0.08105228899053474,0.0006563114882264091,0.03937868929358455,1.0,0.6,0.9602437634553229,300.0,3.6,-1.2285056484619505
sample_052_350g,80,80,2.375622103583325,2.3698101855923666,2.344044101719397,2.4138866948072186,0.02114453194436177,0.07973546054157499,-0.0017474516718207717,-0.1048471003092463,1.0,0.5999999999999999,0.9702664387272669,350.0,1.38,0.995622103583325
sample_051_421.5g,80,80,5.784974205474983,5.781073857532908,5.74215697109646,5.824527916710885,0.025509829471026344,0.13378353462257753,-0.000899338699294262,-0.05396032195765572,1.0,0.5999999999999999,0.8955808672332204,421.5,3.91,1.8749742054749827
sample_035_499.8g,28,28,3.1241679586231728,3.121989496983131,3.084194201627093,3.1795138705051786,0.03223526912776343,0.0992827465556183,-0.00024024329011141488,-0.014414597406684894,1.0,0.6,0.9594925959727592,499.8,4.71,-1.5858320413768272
sample_050_642.1g,80,80,6.081352595433855,6.079468442478564,6.042305733418758,6.151348368643696,0.03399594993118533,0.11628205668655411,-0.002107995943364065,-0.1264797566018439,1.0,0.5999999999999999,0.896071583176963,642.1,4.48,1.6013525954338546
sample_049_878.7g,80,80,6.2709745595066995,6.269421609433206,6.245232470164804,6.30392875438671,0.018728416220611867,0.07916098665151505,0.0004117574433117227,0.02470544659870336,1.0,0.5999999999999999,0.8951616578083484,878.7,4.78,1.4909745595066992
sample_034_989.1g,28,28,5.095161455383929,5.095034890105625,5.038495264229319,5.130949151425396,0.031043690221595033,0.09709765496280287,0.0011949514930417369,0.07169708958250422,1.0,0.6,0.8840312254295818,989.1,6.66,-1.5648385446160713
sample_048_1072.7g,80,80,6.664110643088245,6.65408595101106,6.613741524510519,6.7448681862733295,0.03919475681206462,0.1465397480158881,0.0001389523078637519,0.008337138471825115,1.0,0.5999999999999999,0.8959721506084314,1072.7,4.97,1.694110643088245
sample_033_1092.7g,28,28,6.233291101974422,6.225668544840612,6.204831841236666,6.275750028547731,0.020720426090381102,0.07321401231909519,0.0034303253039989334,0.205819518239936,1.0,0.6,0.8849051892305059,1092.7,7.55,-1.3167088980255777
sample_032_1162.8g,28,28,6.517507238466949,6.518509581695261,6.439638911274604,6.571819072173492,0.04347215113499488,0.14042574473782476,0.008187282610770395,0.4912369566462237,1.0,0.6,0.8843175106495618,1162.8,8.02,-1.502492761533051
sample_031_1243.6g,28,28,6.778088341540667,6.766509635170016,6.7484311839766065,6.821960815657642,0.02750461632437411,0.11636508995729056,-0.008968799357057612,-0.5381279614234568,1.0,0.6,0.8847027501038143,1243.6,8.18,-1.4019116584593325
sample_047_1305.7g,80,80,6.918830049791614,6.917673376491443,6.862764418156486,6.9850490381765535,0.034325086638411335,0.13201878389555866,-0.0010884328550919023,-0.06530597130551413,1.0,0.5999999999999999,0.8965352613432334,1305.7,5.57,1.348830049791614
sample_030_1361.2g,28,28,7.199809142401437,7.190322624260018,7.144566219253542,7.282970642235013,0.042904420567963654,0.14657859698748865,0.010891358702324425,0.6534815221394654,1.0,0.6,0.884431316299098,1361.2,8.75,-1.5501908575985626
sample_029_1464.4g,28,28,7.564018463937992,7.557998118716702,7.514753986470374,7.624523133670945,0.03419197007732646,0.11534827846752371,0.00017874757646596135,0.010724854587957681,1.0,0.6,0.8851104421620922,1464.4,9.15,-1.5859815360620084
sample_046_1542.5g,80,80,7.303236437783253,7.3038524280024415,7.272634456037457,7.3346696114387315,0.018619010584924465,0.06770870500147019,0.00019737562080355005,0.011842537248213002,1.0,0.5999999999999999,0.8961106361192652,1542.5,5.83,1.4732364377832532
sample_028_1558.7g,28,28,7.903700301194919,7.9188539405196785,7.817187859981299,7.944659262771326,0.04623407688412268,0.196237447412984,0.008352198768746268,0.5011319261247761,1.0,0.6,0.8844824267498084,1558.7,9.27,-1.3662996988050802
sample_027_1667.4g,26,26,8.269226752830374,8.2619628391769,8.223697072449099,8.31750686701161,0.03429923349884325,0.10376541087123492,-0.012758871294263823,-0.7655322776558294,1.0,0.5999999999999999,0.884558168242757,1667.4,9.49,-1.2207732471696264
sample_045_1750.7g,80,80,7.524125337990663,7.529328177616678,7.480458031642171,7.547582688188746,0.024268949856542824,0.11595486831991408,0.0006914829096580665,0.04148897457948399,1.0,0.5999999999999999,0.895637307574507,1750.7,6.28,1.2441253379906625
sample_026_1794.7g,27,27,8.637106494773365,8.64092812290713,8.597465503908122,8.668546542385066,0.02519889878145665,0.10079743268845576,-0.0069233082634552355,-0.41539849580731414,1.0,0.6,0.8850937272856633,1794.7,9.95,-1.3128935052266346
sample_025_1907.6g,27,27,8.91889149298072,8.924293184725705,8.872964953003747,8.96073079699229,0.026006991935385033,0.11229470707428213,-0.0073411534814443544,-0.44046920888666125,1.0,0.6,0.8851339285075664,1907.6,10.3,-1.381108507019281
sample_044_1946.3g,80,80,7.816434514216839,7.816155362268553,7.780680463008285,7.852490594728682,0.023157648210225843,0.08752047721478462,-0.00023102289955393123,-0.013861373973235874,1.0,0.5999999999999999,0.8962539044907316,1946.3,6.95,0.8664345142168388
sample_024_2028.5g,28,28,9.24898282220798,9.258242713599177,9.178484092043046,9.293719418841995,0.03632358342198809,0.12987851017496332,0.005407025391920514,0.3244215235152308,1.0,0.6,0.8855547348782419,2028.5,10.88,-1.631017177792021
sample_043_2122.3g,80,80,8.047758874275308,8.044596213404372,8.016907639570782,8.075393248925453,0.023842150991206613,0.17592815151637886,-0.00020838210439827945,-0.012502926263896767,1.0,0.5999999999999999,0.8970001256745309,2122.3,7.12,0.927758874275308
sample_023_2154.8g,28,28,9.530721388961723,9.53989927219839,9.48676423950463,9.560937545572322,0.026461471267407586,0.0927866252001106,-0.00036680449263217223,-0.022008269557930334,1.0,0.6,0.8850047503145679,2154.8,11.18,-1.6492786110382767
sample_022_2240.1g,28,28,9.651882607561829,9.653713146725433,9.624873029811006,9.6905921914107,0.023151516122879034,0.08941174316862899,-0.002603344803124296,-0.15620068818745775,1.0,0.6,0.8851899653486909,2240.1,11.38,-1.7281173924381719
sample_041_2359g,80,80,8.596375448721904,8.59198097315933,8.56628528644651,8.648823959149942,0.024666408643040264,0.11095543007764164,-0.001709765094117849,-0.10258590564707094,1.0,0.5999999999999999,0.8963222802849486,2359.0,8.14,0.4563754487219036
sample_021_2366g,28,28,10.142711171294616,10.146921615431003,10.085000775781994,10.189080528838991,0.04027807788630151,0.1549232628098487,0.0027486803223200178,0.16492081933920105,1.0,0.6,0.8842672628164291,2366.0,11.9,-1.7572888287053843
sample_020_2479.9g,28,28,10.428397144710175,10.430463017188416,10.397650792736819,10.461421991787246,0.019866806781326053,0.07476096395535237,-0.0048937756906332775,-0.29362654143799666,1.0,0.6,0.8844851190171074,2479.9,12.45,-2.0216028552898244
sample_040_2501.4g,80,80,8.985274120072194,8.987428754484055,8.937195627876322,9.023567467278914,0.02430044821117066,0.10974931043555891,-0.00024266763621224363,-0.014560058172734617,1.0,0.5999999999999999,0.8961835202248768,2501.4,8.17,0.8152741200721945
sample_019_2635.3g,27,27,10.834262630687082,10.826151914660752,10.792136635063528,10.921848709016674,0.035597104311838434,0.13863456116594364,0.008792514030045882,0.5275508418027529,1.0,0.6,0.8844167685260375,2635.3,12.7,-1.8657373693129173
sample_039_2674.1g,80,80,9.39991539307248,9.394377034691804,9.373696319058453,9.437836328883648,0.020044534027206455,0.07274189530682662,0.0014148157180244119,0.08488894308146472,1.0,0.5999999999999999,0.8964869022672064,2674.1,8.57,0.8299153930724792
sample_038_2766.8g,80,80,9.680074756491814,9.683938394760174,9.6084262816552,9.717636626748702,0.032070028845342685,0.18586090150998125,0.0020070373956571465,0.1204222437394288,1.0,0.5999999999999999,0.8972144938120618,2766.8,8.65,1.030074756491814
sample_018_2777.1g,28,28,11.180947103376123,11.188144423261345,11.127981022845221,11.21545894202893,0.02882982117795889,0.10008086963330598,-0.0022947329975713396,-0.13768397985428038,1.0,0.6,0.8842231346108019,2777.1,13.15,-1.969052896623877
sample_037_2828.4g,80,80,9.615926743466966,9.616236233526037,9.580669101587258,9.652349597832703,0.021617830864447903,0.10631968753555121,-0.0005026034031985019,-0.030156204191910115,1.0,0.5999999999999999,0.8966514622233808,2828.4,8.89,0.7259267434669656
sample_036_2905.4g,80,80,10.193348340251223,10.197751906053746,10.130525786672628,10.244072548614065,0.04014878947499421,0.1304744548050163,0.004151803444741015,0.24910820668446088,1.0,0.5999999999999999,0.8938360740290954,2905.4,9.05,1.1433483402512223
sample_017_2929g,28,28,11.634074106561346,11.637594819545605,11.601667069452876,11.658765829615557,0.0170071154698172,0.06486396891283164,-0.000761460373719723,-0.045687622423183374,1.0,0.6,0.8840377858254527,2929.0,13.4,-1.765925893438654
sample_035_2979.2g,80,80,10.37226134728682,10.37228072458732,10.337071950012216,10.40753847409478,0.020558010803872772,0.10532985662426064,0.0018624513503746108,0.11174708102247664,1.0,0.5999999999999999,0.8942935281083917,2979.2,9.6,0.77226134728682
sample_034_3024.5g,80,80,10.53695682512382,10.53450278322071,10.490265125125068,10.592342006126422,0.03581235097374913,0.14026599718775223,-0.0036739388835925744,-0.22043633301555446,1.0,0.5999999999999999,0.8937723343493417,3024.5,9.25,1.28695682512382
sample_016_3080.1g,30,30,12.058377648404512,12.068301647133984,11.983095152171343,12.139028594117478,0.049555319871847386,0.16174338359554596,0.01446544245160119,0.8679265470960714,1.0,0.6000000000000001,0.8836716973036527,3080.1,13.7,-1.6416223515954869
sample_033_3083.2g,80,80,10.802906343966063,10.80245627914731,10.757405299653957,10.837806261333283,0.02421508049886541,0.11856961998258342,9.834025258492307e-05,0.005900415155095384,1.0,0.5999999999999999,0.892776401664596,3083.2,9.72,1.0829063439660622
sample_032_3141g,80,80,10.856462828288965,10.854391405197426,10.823771430244019,10.907387344813955,0.027747846579028217,0.13847093848571745,-0.0007264563332906358,-0.04358737999743815,1.0,0.5999999999999999,0.8945631992258131,3141.0,9.82,1.0364628282889647
sample_031_3207.7g,80,80,10.987627297528565,10.995601426925138,10.928737212318408,11.037315188401394,0.03292098725371889,0.12178915351032948,0.003110833951166482,0.18665003706998892,1.0,0.5999999999999999,0.8949059319356454,3207.7,9.92,1.0676272975285652
sample_015_3234.7g,28,28,12.541500254172094,12.545781131053612,12.506098348560624,12.568936155891587,0.02402349513190479,0.07724540771880228,0.00346669798360725,0.208001879016435,1.0,0.6,0.8829681608639658,3234.7,14.35,-1.8084997458279055
sample_030_3260.2g,80,80,11.069923835772794,11.066278074820847,11.02750167273677,11.11815492690082,0.027203847334375243,0.12195584737291476,0.0024238043434690656,0.14542826060814393,1.0,0.5999999999999999,0.8958441798179411,3260.2,10.0,1.0699238357727943
sample_029_3308.2g,80,80,11.2279452370523,11.231017589628934,11.188959557109209,11.256938071970076,0.01962218193591488,0.09688770794731028,-0.00011450336442497195,-0.006870201865498317,1.0,0.5999999999999999,0.8967347566527314,3308.2,10.14,1.087945237052299
sample_028_3353.6g,80,80,11.360769952624102,11.359888132619792,11.281310126755871,11.443704010943067,0.04869061022880353,0.19762108463347516,-0.0051288307631642445,-0.3077298457898547,1.0,0.5999999999999999,0.895865605114959,3353.6,10.53,0.8307699526241024
sample_014_3385.8g,29,29,12.981466276256754,12.983296203929903,12.943690746612127,13.009590975943176,0.01906243546029888,0.07261665237380655,0.0023866879968243468,0.14320127980946082,1.0,0.6000000000000001,0.883367471985262,3385.8,14.6,-1.618533723743246
sample_027_3403.3g,80,80,11.46030027921168,11.456784450787278,11.412141147998764,11.509288264659498,0.0278339912250074,0.1061495495848952,0.0021483022524456364,0.12889813514673817,1.0,0.5999999999999999,0.8969930705009027,3403.3,11.23,0.23030027921167928
sample_026_3453g,80,80,11.641877837270881,11.64646519037559,11.580723886243172,11.698422634116401,0.031879398781188756,0.13071691860513468,9.429454106497038e-06,0.0005657672463898223,1.0,0.5999999999999999,0.8970460602641106,3453.0,11.37,0.2718778372708819
sample_025_3517g,80,80,11.716382134867176,11.723587965707337,11.646711098263783,11.7561135890307,0.030446755147525924,0.1187618000968822,0.001450440493931183,0.08702642963587098,1.0,0.5999999999999999,0.8981123341526835,3517.0,11.45,0.2663821348671771
sample_013_3520.1g,30,30,13.145215725804896,13.142841276038872,13.124442567317407,13.176333495975076,0.017284858912439433,0.05472184567070393,0.0007390899924844514,0.044345399549067084,1.0,0.6000000000000001,0.8836759187653661,3520.1,15.1,-1.954784274195104
sample_024_3566.8g,80,80,11.82562979019725,11.829270152541147,11.767907593099043,11.87419903911242,0.030438260067625372,0.1249763126102188,0.0029023072298754605,0.17413843379252764,1.0,0.5999999999999999,0.898099544751458,3566.8,11.6,0.2256297901972495
sample_023_3629.1g,80,80,11.949341795297446,11.951616903909994,11.906675480858148,11.990749080291693,0.025218483784933892,0.13008733930595362,-0.000774765455673164,-0.04648592734038984,1.0,0.5999999999999999,0.8981433963333256,3629.1,11.77,0.17934179529744654
sample_022_3678.9g,80,80,12.123587548537667,12.117755923905285,12.08448348452484,12.175079394622529,0.030819505911703397,0.14022191286045604,-0.0023987951798502545,-0.14392771079101527,1.0,0.5999999999999999,0.8982471399661154,3678.9,11.8,0.3235875485376667
sample_012_3717.8g,30,30,13.58491299982265,13.595420529891026,13.52355154093261,13.616637697556149,0.03306761069760252,0.14906707393886265,0.002052813487122613,0.12316880922735679,1.0,0.6000000000000001,0.8843624263629316,3717.8,15.25,-1.6650870001773495
sample_021_3734g,80,80,12.25288834423066,12.25506344944099,12.219265976892094,12.285330164281065,0.02140660964461052,0.09091290396364116,4.4364251990400007e-05,0.0026618551194240005,1.0,0.5999999999999999,0.8981433027912861,3734.0,11.6,0.6528883442306608
sample_020_3774.9g,80,80,12.32776762337323,12.324260000488657,12.298892363164496,12.36061658629482,0.018285372245027496,0.08357768519235798,0.00196974852241754,0.1181849113450524,1.0,0.5999999999999999,0.8989673326793127,3774.9,11.8,0.5277676233732294
sample_019_3856.2g,80,80,12.491784579267026,12.493718432565721,12.438324374426118,12.535163141881956,0.027605560433970333,0.13350456348891626,0.0020406585296792717,0.1224395117807563,1.0,0.5999999999999999,0.8992461059358903,3856.2,11.6,0.8917845792670267
sample_011_3892.1g,29,29,14.038573790877038,14.042480814196146,14.000685783965634,14.080589510660765,0.0268427662445094,0.11368391624937324,0.00017380755683604561,0.010428453410162736,1.0,0.6000000000000001,0.8829717918177103,3892.1,16.0,-1.961426209122962
sample_018_3945.1g,80,80,12.739168870521755,12.737053242559838,12.696047000095783,12.775472251624901,0.02543735737863075,0.12772262843716042,0.00218443184252703,0.1310659105516218,1.0,0.5999999999999999,0.9000776606774888,3945.1,11.9,0.839168870521755
sample_017_4019g,80,80,12.878270645398795,12.882284925926779,12.844391691346468,12.90154178667027,0.017699454920685306,0.06564156334191296,0.0008271427762852298,0.049628566577113786,1.0,0.5999999999999999,0.8996647820831274,4019.0,12.0,0.8782706453987945
sample_010_4072.9g,30,30,14.261220100458921,14.261815432606944,14.218189693562858,14.32678009677837,0.03770888423127233,0.13782299412849852,0.006207720090797933,0.372463205447876,1.0,0.6000000000000001,0.8853261261805893,4072.9,16.1,-1.8387798995410805
sample_016_4079.5g,80,80,12.961880304643774,12.963751385132287,12.911465616475772,12.998928715183313,0.028822287898215997,0.11845596507627931,-0.0005533789598114494,-0.03320273758868696,1.0,0.5999999999999999,0.8992736581945792,4079.5,12.6,0.3618803046437744
sample_015_4139.1g,80,80,13.1280698278855,13.12871597109574,13.101786060982189,13.1469779036776,0.013268208379680147,0.05576460757504442,-0.0004354743812007905,-0.02612846287204743,1.0,0.5999999999999999,0.8992971626017242,4139.1,12.18,0.9480698278855009
sample_009_4151.4g,28,28,14.39427743972029,14.394571846434298,14.358878581406367,14.433142835861826,0.02651177148378184,0.08745743955167562,0.009357283347717732,0.5614370008630639,1.0,0.6,0.886595687624067,4151.4,15.5,-1.1057225602797107
sample_014_4202.3g,80,80,13.28179003027014,13.277208172638456,13.240124436518094,13.330046063053457,0.029000113648361393,0.1124040135198392,-0.00023622296310436334,-0.0141733777862618,1.0,0.5999999999999999,0.8988883926696143,4202.3,12.1,1.1817900302701396
sample_008_4273.3g,28,28,14.503009761536243,14.498521663620224,14.482464310117171,14.54083126141051,0.01805427104903884,0.06256505179405458,0.0022510434335753673,0.13506260601452205,1.0,0.6,0.8889881827416165,4273.3,16.2,-1.6969902384637567
sample_013_4300.1g,80,80,13.48364356764805,13.485236258192762,13.413013696925995,13.546346779269909,0.04559644677688465,0.21981616579116547,-0.001998962854921751,-0.11993777129530506,1.0,0.5999999999999999,0.8995541575993411,4300.1,13.01,0.4736435676480504
sample_012_4379.3g,80,80,13.60259665670145,13.607398406441064,13.56344705538667,13.634582386931529,0.02413107128741155,0.10269650688601217,0.0019519413022176036,0.11711647813305621,1.0,0.5999999999999999,0.8997367897140794,4379.3,13.4,0.20259665670145033
sample_007_4424.5g,31,31,14.815415176846553,14.84092385812612,14.702383852810481,14.884927955011019,0.058686594009671134,0.1897475999053615,0.010438815829991316,0.626328949799479,1.0,0.6000000000000002,0.88456036899359,4424.5,16.4,-1.5845848231534454
sample_011_4465.6g,80,80,13.857582967314903,13.861051359883806,13.805731280755946,13.904926079978642,0.031202724682493632,0.1186984288763977,-0.0007763682494737014,-0.04658209496842208,1.0,0.5999999999999999,0.899964145841077,4465.6,13.4,0.45758296731490233
sample_010_4503.9g,80,80,13.923167769932869,13.922024461846965,13.8786617398846,13.969722223022037,0.026010887731654112,0.12698834886065669,0.0006672006241695166,0.040032037450171,1.0,0.5999999999999999,0.9009302612883039,4503.9,13.38,0.5431677699328681
sample_006_4508.1g,30,30,15.020590516009559,15.018213164588891,14.968990996382965,15.080679784190913,0.04033398573727448,0.14250462904854544,-0.00759287928224857,-0.4555727569349142,1.0,0.6000000000000001,0.8849246859923006,4508.1,16.6,-1.5794094839904425
sample_009_4561.8g,80,80,14.060584597908582,14.066420265039337,14.022932970411485,14.083680553487826,0.022774781885067232,0.11584810158974612,-0.0003522209188778782,-0.02113325513267269,1.0,0.5999999999999999,0.9001741907396352,4561.8,12.5,1.5605845979085817
sample_005_4593.5g,31,31,15.207781041881672,15.202781478997132,15.149940219230704,15.256789226338643,0.03664532213447049,0.12277203304639883,0.007102918405282478,0.4261751043169487,1.0,0.6000000000000002,0.8852095217618251,4593.5,16.85,-1.6422189581183293
sample_008_4651.6g,80,80,14.246396933471669,14.247730492982557,14.20653217372684,14.291873232010994,0.02606739080982088,0.11807504893574716,-0.001223552745305835,-0.0734131647183501,1.0,0.5999999999999999,0.8994778041820973,4651.6,13.1,1.146396933471669
sample_004_4685.2g,30,30,15.28101594016323,15.285483341850087,15.25578444719286,15.299626583574215,0.013814921293887806,0.05128198450039001,-0.0018907956584855608,-0.11344773950913364,1.0,0.6000000000000001,0.8840378339216114,4685.2,17.07,-1.7889840598367694
sample_007_4747.8g,80,80,14.420536184745993,14.420104345610794,14.404961620271205,14.443656328586265,0.012043162106769947,0.05367473493422459,0.0002944283020087913,0.017665698120527477,1.0,0.5999999999999999,0.9009972763643599,4747.8,13.42,1.000536184745993
sample_006_4773.6g,80,80,14.43616114699202,14.44135333577568,14.396684615617207,14.46404419341103,0.02366308146952937,0.1018719922020761,0.002207920587261353,0.1324752352356812,1.0,0.5999999999999999,0.8998831306607462,4773.6,13.39,1.04616114699202
sample_005_4795g,80,80,14.390840213418084,14.395966109964064,14.349426078993691,14.42313080356134,0.02094510671643368,0.0971976758736055,-0.0003756744269900544,-0.022540465619403264,1.0,0.5999999999999999,0.8994493746943771,4795.0,13.32,1.0708402134180837
sample_003_4804g,31,31,15.471716679832571,15.481480590515378,15.386536657905955,15.519611693579595,0.045184054535126104,0.14110063151772145,-0.0017748517495258258,-0.10649110497154955,1.0,0.6000000000000002,0.8858279116475773,4804.0,17.2,-1.728283320167428
sample_004_4855.6g,80,80,14.496335614440534,14.492431228305199,14.43787201711374,14.561747530295058,0.03772820257054183,0.17582758414473787,-0.00354820310674962,-0.2128921864049772,1.0,0.5999999999999999,0.8996264171483925,4855.6,13.47,1.0263356144405336
sample_002_4909g,30,30,15.59303313499447,15.596426278404623,15.56687722788221,15.62759402649521,0.021826628617169788,0.08935034908573058,-0.0023625468730184033,-0.1417528123811042,1.0,0.6000000000000001,0.8868243624269964,4909.0,17.3,-1.7069668650055299
sample_003_4925g,80,80,14.428504259005228,14.432176218704614,14.399938073412443,14.462080649920619,0.018297576945472214,0.07276669274092917,0.001352686477513349,0.08116118865080094,1.0,0.5999999999999999,0.8983671455597506,4925.0,13.6,0.8285042590052285
sample_002_4985.5g,80,80,14.35856335872856,14.355641349206401,14.328037052207883,14.424660357514064,0.02649501055435463,0.12484337081072283,0.0017171058609494435,0.10302635165696661,1.0,0.5999999999999999,0.8973491575103253,4985.5,13.5,0.8585633587285599
sample_001_5000g,30,30,15.47996521724682,15.483089160300535,15.396684293171583,15.519581086164544,0.043905337663102215,0.2247865922250316,0.0029815501310440215,0.17889300786264128,1.0,0.6000000000000001,0.8859392505511642,5000.0,17.4,-1.920034782753179
sample_001_5015.7g,80,80,14.127239541113966,14.117564972877414,14.08363378277184,14.20521126262939,0.03236170381703558,0.15337557401703705,0.003249140916826333,0.19494845500957997,1.0,0.5999999999999999,0.8976226493925786,5015.7,14.43,-0.3027604588860342
