sampleId,frameCount,validFrameCount,deflectionMeanMm,deflectionP50Mm,deflectionP05Mm,deflectionP95Mm,deflectionStdMm,deflectionRangeMm,deflectionSlopeMmPerSec,driftMmPerMin,validRate,confidenceMean,qualityMean,weightG,standardDeflectionMm,phoneMinusStandardMm
sample_001_5000g,30,30,15.47996521724682,15.483089160300535,15.396684293171583,15.519581086164544,0.043905337663102215,0.2247865922250316,0.0029815501310440215,0.17889300786264128,1.0,0.6000000000000001,0.8859392505511642,5000.0,17.4,-1.920034782753179
sample_002_4909g,30,30,15.59303313499447,15.596426278404623,15.56687722788221,15.62759402649521,0.021826628617169788,0.08935034908573058,-0.0023625468730184033,-0.1417528123811042,1.0,0.6000000000000001,0.8868243624269964,4909.0,17.3,-1.7069668650055299
sample_003_4804g,31,31,15.471716679832571,15.481480590515378,15.386536657905955,15.519611693579595,0.045184054535126104,0.14110063151772145,-0.0017748517495258258,-0.10649110497154955,1.0,0.6000000000000002,0.8858279116475773,4804.0,17.2,-1.728283320167428
sample_004_4685.2g,30,30,15.28101594016323,15.285483341850087,15.25578444719286,15.299626583574215,0.013814921293887806,0.05128198450039001,-0.0018907956584855608,-0.11344773950913364,1.0,0.6000000000000001,0.8840378339216114,4685.2,17.07,-1.7889840598367694
sample_005_4593.5g,31,31,15.207781041881672,15.202781478997132,15.149940219230704,15.256789226338643,0.03664532213447049,0.12277203304639883,0.007102918405282478,0.4261751043169487,1.0,0.6000000000000002,0.8852095217618251,4593.5,16.85,-1.6422189581183293
sample_006_4508.1g,30,30,15.020590516009559,15.018213164588891,14.968990996382965,15.080679784190913,0.04033398573727448,0.14250462904854544,-0.00759287928224857,-0.4555727569349142,1.0,0.6000000000000001,0.8849246859923006,4508.1,16.6,-1.5794094839904425
sample_007_4424.5g,31,31,14.815415176846553,14.84092385812612,14.702383852810481,14.884927955011019,0.058686594009671134,0.1897475999053615,0.010438815829991316,0.626328949799479,1.0,0.6000000000000002,0.88456036899359,4424.5,16.4,-1.5845848231534454
sample_008_4273.3g,28,28,14.503009761536243,14.498521663620224,14.482464310117171,14.54083126141051,0.01805427104903884,0.06256505179405458,0.0022510434335753673,0.13506260601452205,1.0,0.6,0.8889881827416165,4273.3,16.2,-1.6969902384637567
sample_009_4151.4g,28,28,14.39427743972029,14.394571846434298,14.358878581406367,14.433142835861826,0.02651177148378184,0.08745743955167562,0.009357283347717732,0.5614370008630639,1.0,0.6,0.886595687624067,4151.4,15.5,-1.1057225602797107
sample_010_4072.9g,30,30,14.261220100458921,14.261815432606944,14.218189693562858,14.32678009677837,0.03770888423127233,0.13782299412849852,0.006207720090797933,0.372463205447876,1.0,0.6000000000000001,0.8853261261805893,4072.9,16.1,-1.8387798995410805
sample_011_3892.1g,29,29,14.038573790877038,14.042480814196146,14.000685783965634,14.080589510660765,0.0268427662445094,0.11368391624937324,0.00017380755683604561,0.010428453410162736,1.0,0.6000000000000001,0.8829717918177103,3892.1,16.0,-1.961426209122962
sample_012_3717.8g,30,30,13.58491299982265,13.595420529891026,13.52355154093261,13.616637697556149,0.03306761069760252,0.14906707393886265,0.002052813487122613,0.12316880922735679,1.0,0.6000000000000001,0.8843624263629316,3717.8,15.25,-1.6650870001773495
sample_013_3520.1g,30,30,13.145215725804896,13.142841276038872,13.124442567317407,13.176333495975076,0.017284858912439433,0.05472184567070393,0.0007390899924844514,0.044345399549067084,1.0,0.6000000000000001,0.8836759187653661,3520.1,15.1,-1.954784274195104
sample_014_3385.8g,29,29,12.981466276256754,12.983296203929903,12.943690746612127,13.009590975943176,0.01906243546029888,0.07261665237380655,0.0023866879968243468,0.14320127980946082,1.0,0.6000000000000001,0.883367471985262,3385.8,14.6,-1.618533723743246
sample_015_3234.7g,28,28,12.541500254172094,12.545781131053612,12.506098348560624,12.568936155891587,0.02402349513190479,0.07724540771880228,0.00346669798360725,0.208001879016435,1.0,0.6,0.8829681608639658,3234.7,14.35,-1.8084997458279055
sample_016_3080.1g,30,30,12.058377648404512,12.068301647133984,11.983095152171343,12.139028594117478,0.049555319871847386,0.16174338359554596,0.01446544245160119,0.8679265470960714,1.0,0.6000000000000001,0.8836716973036527,3080.1,13.7,-1.6416223515954869
sample_017_2929g,28,28,11.634074106561346,11.637594819545605,11.601667069452876,11.658765829615557,0.0170071154698172,0.06486396891283164,-0.000761460373719723,-0.045687622423183374,1.0,0.6,0.8840377858254527,2929.0,13.4,-1.765925893438654
sample_018_2777.1g,28,28,11.180947103376123,11.188144423261345,11.127981022845221,11.21545894202893,0.02882982117795889,0.10008086963330598,-0.0022947329975713396,-0.13768397985428038,1.0,0.6,0.8842231346108019,2777.1,13.15,-1.969052896623877
sample_019_2635.3g,27,27,10.834262630687082,10.826151914660752,10.792136635063528,10.921848709016674,0.035597104311838434,0.13863456116594364,0.008792514030045882,0.5275508418027529,1.0,0.6,0.8844167685260375,2635.3,12.7,-1.8657373693129173
sample_020_2479.9g,28,28,10.428397144710175,10.430463017188416,10.397650792736819,10.461421991787246,0.019866806781326053,0.07476096395535237,-0.0048937756906332775,-0.29362654143799666,1.0,0.6,0.8844851190171074,2479.9,12.45,-2.0216028552898244
sample_021_2366g,28,28,10.142711171294616,10.146921615431003,10.085000775781994,10.189080528838991,0.04027807788630151,0.1549232628098487,0.0027486803223200178,0.16492081933920105,1.0,0.6,0.8842672628164291,2366.0,11.9,-1.7572888287053843
sample_022_2240.1g,28,28,9.651882607561829,9.653713146725433,9.624873029811006,9.6905921914107,0.023151516122879034,0.08941174316862899,-0.002603344803124296,-0.15620068818745775,1.0,0.6,0.8851899653486909,2240.1,11.38,-1.7281173924381719
sample_023_2154.8g,28,28,9.530721388961723,9.53989927219839,9.48676423950463,9.560937545572322,0.026461471267407586,0.0927866252001106,-0.00036680449263217223,-0.022008269557930334,1.0,0.6,0.8850047503145679,2154.8,11.18,-1.6492786110382767
sample_024_2028.5g,28,28,9.24898282220798,9.258242713599177,9.178484092043046,9.293719418841995,0.03632358342198809,0.12987851017496332,0.005407025391920514,0.3244215235152308,1.0,0.6,0.8855547348782419,2028.5,10.88,-1.631017177792021
sample_025_1907.6g,27,27,8.91889149298072,8.924293184725705,8.872964953003747,8.96073079699229,0.026006991935385033,0.11229470707428213,-0.0073411534814443544,-0.44046920888666125,1.0,0.6,0.8851339285075664,1907.6,10.3,-1.381108507019281
sample_026_1794.7g,27,27,8.637106494773365,8.64092812290713,8.597465503908122,8.668546542385066,0.02519889878145665,0.10079743268845576,-0.0069233082634552355,-0.41539849580731414,1.0,0.6,0.8850937272856633,1794.7,9.95,-1.3128935052266346
sample_027_1667.4g,26,26,8.269226752830374,8.2619628391769,8.223697072449099,8.31750686701161,0.03429923349884325,0.10376541087123492,-0.012758871294263823,-0.7655322776558294,1.0,0.5999999999999999,0.884558168242757,1667.4,9.49,-1.2207732471696264
sample_028_1558.7g,28,28,7.903700301194919,7.9188539405196785,7.817187859981299,7.944659262771326,0.04623407688412268,0.196237447412984,0.008352198768746268,0.5011319261247761,1.0,0.6,0.8844824267498084,1558.7,9.27,-1.3662996988050802
sample_029_1464.4g,28,28,7.564018463937992,7.557998118716702,7.514753986470374,7.624523133670945,0.03419197007732646,0.11534827846752371,0.00017874757646596135,0.010724854587957681,1.0,0.6,0.8851104421620922,1464.4,9.15,-1.5859815360620084
sample_030_1361.2g,28,28,7.199809142401437,7.190322624260018,7.144566219253542,7.282970642235013,0.042904420567963654,0.14657859698748865,0.010891358702324425,0.6534815221394654,1.0,0.6,0.884431316299098,1361.2,8.75,-1.5501908575985626
sample_031_1243.6g,28,28,6.778088341540667,6.766509635170016,6.7484311839766065,6.821960815657642,0.02750461632437411,0.11636508995729056,-0.008968799357057612,-0.5381279614234568,1.0,0.6,0.8847027501038143,1243.6,8.18,-1.4019116584593325
sample_032_1162.8g,28,28,6.517507238466949,6.518509581695261,6.439638911274604,6.571819072173492,0.04347215113499488,0.14042574473782476,0.008187282610770395,0.4912369566462237,1.0,0.6,0.8843175106495618,1162.8,8.02,-1.502492761533051
sample_033_1092.7g,28,28,6.233291101974422,6.225668544840612,6.204831841236666,6.275750028547731,0.020720426090381102,0.07321401231909519,0.0034303253039989334,0.205819518239936,1.0,0.6,0.8849051892305059,1092.7,7.55,-1.3167088980255777
sample_034_989.1g,28,28,5.095161455383929,5.095034890105625,5.038495264229319,5.130949151425396,0.031043690221595033,0.09709765496280287,0.0011949514930417369,0.07169708958250422,1.0,0.6,0.8840312254295818,989.1,6.66,-1.5648385446160713
sample_035_499.8g,28,28,3.1241679586231728,3.121989496983131,3.084194201627093,3.1795138705051786,0.03223526912776343,0.0992827465556183,-0.00024024329011141488,-0.014414597406684894,1.0,0.6,0.9594925959727592,499.8,4.71,-1.5858320413768272
sample_036_300g,28,28,2.3714943515380495,2.3697239900990823,2.3420900876608255,2.4121030931613214,0.02010778822171413,0.08105228899053474,0.0006563114882264091,0.03937868929358455,1.0,0.6,0.9602437634553229,300.0,3.6,-1.2285056484619505
sample_037_200g,28,28,2.1378269595787747,2.137794846120136,2.0820958038277557,2.172721178057022,0.026993528221855297,0.11676818468406225,0.0021337937847664265,0.12802762708598558,1.0,0.6,0.9620957139480326,200.0,3.41,-1.2721730404212255
sample_038_100g,28,28,1.6780009992951803,1.6807636249938183,1.641785373211993,1.7058193288542585,0.020591870305620076,0.07859876633453289,-0.003024726959937567,-0.18148361759625403,1.0,0.6,0.9620281585625239,100.0,1.7,-0.021999000704819638
sample_039_50g,28,28,1.4450869492238243,1.4390686205964975,1.4019098855317442,1.4846599001672351,0.028910409357461867,0.0941897264669489,0.004368124483734958,0.26208746902409746,1.0,0.6,0.9625852161353189,50.0,0.9,0.5450869492238243
sample_040_0g,1,1,0.0,0.0,0.0,0.0,0.0,0.0,0.0,0.0,1.0,0.6,1.0,0.0,0.0,0.0
